create table address (id bigint generated by default as identity, house_number varchar(255), street varchar(255), zip_code varchar(255), primary key (id));

create table car (id bigint generated by default as identity, registration_number varchar(255), company_id bigint, primary key (id));

create table company (id bigint generated by default as identity, name varchar(255), primary key (id));
alter table car add constraint FKjqp14dkmi2lh5kjavv4t0dkqy foreign key (company_id) references company;

create table department (id bigint generated by default as identity, name varchar(255), company_id bigint, primary key (id));
alter table department add constraint FKh1m88q0f7sc0mk76kju4kcn6f foreign key (company_id) references company;


create table employee (id bigint generated by default as identity, name varchar(255), surname varchar(255), address_id bigint, department_id bigint, primary key (id));
alter table employee add constraint FKga73hdtpb67twlr9c1i337tyt foreign key (address_id) references address;
alter table employee add constraint FKbejtwvg9bxus2mffsm3swj3u9 foreign key (department_id) references department;

create table office (id bigint generated by default as identity, name varchar(255), address_id bigint, department_id bigint, primary key (id));
alter table office add constraint FKga73hdtpb67twlr9c35357tyt foreign key (address_id) references address;


insert into company(id, name) values (1, 'Adobe');
insert into company(id, name) values (2, 'Cisco');
insert into company(id, name) values (3, 'Visa');


insert into car(id, registration_number, company_id) values (1, 'KA-50A-1234', 1);
insert into car(id, registration_number, company_id) values (2, 'DH-1D-3311', 1);
insert into car(id, registration_number, company_id) values (3, 'KA-1-9222', 1);
insert into car(id, registration_number, company_id) values (4, 'UP-15T-1234', 2);


insert into address(id, house_number, street, zip_code) VALUES (1, 1, 'Street X', '12-341');
insert into address(id, house_number, street, zip_code) VALUES (2, 2, 'Street Y', '12-342');
insert into address(id, house_number, street, zip_code) VALUES (3, 3, 'Street Z', '12-343');
insert into address(id, house_number, street, zip_code) VALUES (4, 4, 'Street XX', '12-344');
insert into address(id, house_number, street, zip_code) VALUES (5, 5, 'Street YY', '12-345');
insert into address(id, house_number, street, zip_code) VALUES (6, 6, 'Street ZZ', '12-346');
insert into address(id, house_number, street, zip_code) VALUES (7, 7, 'Street XXX', '12-347');

insert into department(id, name, company_id) VALUES (1, 'Sales & Marketing', 1);
insert into department(id, name, company_id) VALUES (2, 'Research & Development', 1);
insert into department(id, name, company_id) VALUES (3, 'Administration', 1);
insert into department(id, name, company_id) VALUES (4, 'Human Resources', 2);
insert into department(id, name, company_id) VALUES (5, 'Sales & Marketing', 3);

insert into employee(id, name, surname, address_id, department_id) VALUES (1, 'Brad', 'Pitt', 1, 1);
insert into employee(id, name, surname, address_id, department_id) VALUES (2, 'Angelina', 'Jolie', 2, 2);
insert into employee(id, name, surname, address_id, department_id) VALUES (3, 'Raj', 'Kumar', 3, 3);


insert into office(id, name, address_id, department_id) VALUES (1, 'Office of Adobe, Bengaluru', 4, 1);
insert into office(id, name, address_id, department_id) VALUES (2, 'Office of Cisco, Bengaluru', 5, 1);
insert into office(id, name, address_id, department_id) VALUES (3, 'Office of R&D', 6, 2);
insert into office(id, name, address_id, department_id) VALUES (4, 'Office of A Los Angeles', 7, 3);
